canonical,variant,type
Cifi Group,CIFI GROUP,typography
Huatai Securities,HUATAI SECURITIES,typography
PARAMOUNT RESIDENTIAL MORTGAGE GROUP,PRMG,abbreviation
Leon's,Leon,partial
INPEX CORPORATION,INPEX,legal_suffix
Douglas Elliman Real Estate,Douglas,partial
OBAYASHI CORPORATION,OBAYASHI,legal_suffix
BNP Paribas,BNP,partial
Takeda Pharmaceutical Company,Takeda Pharmaceutical,legal_suffix
United Parcel Service of America,UPSoA,abbreviation
Deutsche Telekom,Deutsche,partial
Pembina Pipeline Corporation,Pembina,partial
Turner Broadcasting System,Turner Broadcasting,brand_parent
Mizuho Financial,Mizuho,partial
Hon Hai Precision,Hon Hai,brand_parent
Farm Credit West,FCW,abbreviation
Micro Modular System,Micro Modular,brand_parent
Kingston Hospital NHS Foundation Trust,Kingston Hospital NHS Foundation,brand_parent
Boston Consulting Group,BCG,abbreviation
BNP Paribas Mutual Fund,BNP,partial
Woodforest National Bank,WNB,abbreviation
Ford Motor Company,FMC,abbreviation
Samsung SDI,Samsung,partial
Anheuser-Busch InBev,Anheuser Busch,brand_parent
SENTEXT SOLUTIONS,SENTEXT,partial
Vistra Corp,Vistra,legal_suffix
Simcoe Home Furniture,Simcoe Home,brand_parent
AICHI STEEL,AICHI,partial
UNIPOL GRUPPO,UNIPOL,partial
Willis Towers Watson,Willis,partial
The Northwestern Mutual Life Insurance Company,The Northwestern Mutual Life Insurance,legal_suffix
Power Grid Corporation of India,PGCoI,abbreviation
JULIUS BAER,JB,abbreviation
Otsuka Holding,Otsuka,partial
Fosun International,Fosun,partial
Latitude Group,Latitude,partial
FUJIFILM Holdings,FUJIFILM,partial
Boone Hospital Center,BHC,abbreviation
Laboratory Corporation of America Holdings,Laboratory Corporation of America,brand_parent
Pembina Pipeline Corporation,PPC,abbreviation
SDIC.com.cn,SDIC,partial
Horizon Community Bank,Horizon Community,brand_parent
Fortescue Metals Group,Fortescue,partial
GKN Sinter Metals Engineering,GKN,partial
Rolls-Royce,RR,abbreviation
JPMorgan Chase & Co.,JCC,abbreviation
Home Depot Product Authority,HDPA,abbreviation
Moody's Investors Service,Moody s Investors,brand_parent
NEWS AMERICA MARKETING,NEWS AMERICA,brand_parent
Norwegian Cruise Line Holdings,Norwegian Cruise Line,brand_parent
Charles Schwab & Co.,CharlesSchwabCo,punctuation
macys.com,macys,partial
Atrium Health,AtriumHealth,punctuation
Telenor Group,telenor group,typography
Walgreens Boots Alliance,Walgreens Boots,brand_parent
Social Coup,SocialCoup,punctuation
Cummins,cummins,typography
Bank Pekao,BANK PEKAO,typography
COX ENTERPRISES,cox enterprises,typography
psbc.com,psbc,partial
Amcor,amcor,typography
SHI International,shi international,typography
Verisk Analytics,Verisk,partial
China Huarong Asset Management,China Huarong Asset,brand_parent
Tift Regional Medical Center,Tift Regional Medical,brand_parent
Hengrui Therapeutics,Hengrui,partial
Hormel Foods Corporation,Hormel,partial
Stellar Development Foundation,Stellar Development,brand_parent
F. Hoffmann-La Roche,F Hoffmann La,brand_parent
SM Investments Corporation,SM Investments,legal_suffix
Liberty Global,Liberty,partial
Shin Kong Group,SKG,abbreviation
Colgate-Palmolive,Colgate,partial
Conagra Brands,Conagra,partial
Huatai Securities,Huatai,partial
Galaxy Entertainment Group,Galaxy Entertainment,brand_parent
China Merchants Bank,China Merchants,brand_parent
Granite Telecommunications,Granite,partial
Prudential Financial,Prudential,partial
Rolls-Royce,Rolls,partial
Donnelley Financial Solutions,Donnelley Financial,brand_parent
Tata Consultancy Services,Tata Consultancy,brand_parent
Sumitomo Mitsui Banking,Sumitomo,partial
China International Marine Containers Group,China International Marine Containers,brand_parent
Douglas Elliman Real Estate,DERE,abbreviation
Foshan Haitian flavouring & Food,Foshan,partial
MTR Foods,MTR,partial
East Penn Manufacturing,EPM,abbreviation
GENTEX CORPORATION,GENTEX,legal_suffix
Merck & Co.,Merck,partial
New York Community Bank,NYCB,abbreviation
Terna Engineering College,Terna Engineering,brand_parent
Novo Nordisk,Novo,partial
BAIC Motor Corporation,BAIC,partial
Restaurant Brands International,Restaurant Brands,brand_parent
KwaZulu-Natal Department of Health,KwaZulu Natal Department of,brand_parent
W. R. Berkley Corporation,W R Berkley,brand_parent
Leggett & Platt,Leggett,partial
Aeon Media Group,Aeon,partial
Lake View Credit Union,Lake View Credit,brand_parent
Ally Financial,Ally,partial
Occidental Petroleum,Occidental,partial
PJSC MMC Norilsk Nickel,PJSC MMC Norilsk,brand_parent
Tigercat International,Tigercat,partial
Cambodian National Insurance,Cambodian National,brand_parent
ADVANCED INFO SERVICE,ADVANCED,partial
Grupo Aval,Grupo,partial
International Consolidated Airlines Group,International Consolidated Airlines,brand_parent
First Data,First,partial
Freddie Mac,Freddie,partial
Brookfield Asset Managemen,Brookfield Asset,brand_parent
Metro Cast Network,Metro Cast,brand_parent
Telenor Group,Telenor,partial
MOL GROUP,MOL,partial
Arch Capital Group,Arch Capital,brand_parent
Hoosier Hills Credit Union,Hoosier Hills Credit,brand_parent
CAVENDER'S OUT OF STATE STORES LTD,CAVENDER'S OUT OF STATE STORES,legal_suffix
Inter-American Development Bank,Inter American Development,brand_parent
The Northwestern Mutual Life Insurance Company,TNMLIC,abbreviation
British American Tobacco,BAT,abbreviation
Bank of America,BoA,abbreviation
Wanhua Chemical Group,Wanhua Chemical,brand_parent
Gallagher,gallagher,typography
Lear Corporation,LearCorporation,punctuation
Bank Hapoalim,BankHapoalim,punctuation
Essity Aktiebolag,ESSITY AKTIEBOLAG,typography
Huntington National Bank,Huntington National,brand_parent
CenterPoint Energy,CenterPointEnergy,punctuation
Dimensional Fund Advisors,DIMENSIONAL FUND ADVISORS,typography
United Parcel Service of America,united parcel service of america,typography
Kia Motors,Kia,partial
Equity Residential,Equity,partial
Fortescue Metals Group,FORTESCUE METALS GROUP,typography
Polyphase Microwave,Polyphase,partial
TechKNOWvatioN,techknowvation,typography
Leon's,LEON'S,typography
Waste Connections,WasteConnections,punctuation
Oriental Land,ORIENTAL LAND,typography
Zurn Industries,ZURN INDUSTRIES,typography
wasp It labs,wasp It,brand_parent
Ecolab,ECOLAB,typography
Micro Modular System,micro modular system,typography
Zimmer Biomet,zimmer biomet,typography
Advanced Bank of Asia,Advanced Bank of,brand_parent
INPEX CORPORATION,INPEXCORPORATION,punctuation
Westlake Chemical Corporation,WESTLAKE CHEMICAL CORPORATION,typography
East West Bank,EastWestBank,punctuation
SailPoint Technologies Holdings,SailPoint,partial
J.F. Shea,JFShea,punctuation
McKesson,mckesson,typography
Illinois Tool Works,illinois tool works,typography
ASTI Holdings,ASTI,partial
Sky Bird Travel & Tours,Sky Bird Travel,brand_parent
Lendmark Financial Services,LendmarkFinancialServices,punctuation
Hewlett Packard Enterprise,HPE,abbreviation
CIL,cil,typography
SHI International,SHI,partial
Shanghai Pharmaceutical Group,Shanghai Pharmaceutical,brand_parent
Aeon Media Group,AMG,abbreviation
Norfolk Southern,Norfolk,partial
NRG Energy,NRG,partial
Murphy & Sitz Insurance Agency,Murphy Sitz Insurance,brand_parent
Trane Technologies,Trane,partial
SANY GROUP,SANY,partial
South32,South,partial
Formosa Plastics Corporation,Formosa,partial
Berkshire Hathaway,Berkshire,partial
BNP Paribas Mutual Fund,BPMF,abbreviation
Rogers Communications,Rogers,partial
Citizens National Bank,Citizens National,brand_parent
Dubai Islamic Bank,Dubai Islamic,brand_parent
NXP Semiconductors,NXP,partial
Ahold Delhaize,Ahold,partial
ISCISTECH Business Solutions,ISCISTECH Business,brand_parent
Constellation Brands,Constellation,partial
Sompo International,Sompo,partial
KnowBe4,KnowBe,partial
Industrial Alliance Insurance and Financial Services,Industrial Alliance Insurance and Financial,brand_parent
Pioneer Natural Resources,PNR,abbreviation
PTT Public Company Limited,PPCL,abbreviation
Alexion Pharmaceuticals,Alexion,partial
Tuple Predictive Labs,Tuple Predictive,brand_parent
NAN YA PLASTICS CORPORATION,NAN YA PLASTICS,legal_suffix
Adventist Health St. Helena,ADVENTIST HEALTH ST. HELENA,typography
Eni,ENI,typography
Banco de Sabadell,BancodeSabadell,punctuation
Samsung C&T,SamsungCT,punctuation
Cheniere Energy,CHENIERE ENERGY,typography
Empereon-Constar,EMPEREON-CONSTAR,typography
SVB Financial Group,SVB Financial,brand_parent
Spectrum Health,spectrum health,typography
JogoBonito Soccers,JogoBonito,partial
China National Petroleum Corporation,China National Petroleum,legal_suffix
China Reinsurance Group,china reinsurance group,typography
People's Insurance,people's insurance,typography
NetApp,netapp,typography
SDIC.com.cn,SDIC com,brand_parent
Licking Memorial Health Systems,LICKING MEMORIAL HEALTH SYSTEMS,typography
JPMorgan Chase & Co.,JPMorgan,partial
BAE Systems,BAESystems,punctuation
Investor AB,investor ab,typography
Northrop Grumman,NORTHROP GRUMMAN,typography
SailPoint Technologies Holdings,SAILPOINT TECHNOLOGIES HOLDINGS,typography
INSURANCE AUSTRALIA GROUP,INSURANCE AUSTRALIA,brand_parent
Mitchell International,mitchell international,typography
Cheniere Energy,Cheniere,partial
Cigna Life Insurance New Zealand,CIGNA LIFE INSURANCE NEW ZEALAND,typography
National Australia Bank Limited ABN,National Australia Bank Limited,brand_parent
Bayer,bayer,typography
Honeywell International,Honeywell,partial
Raymond James Financial,RaymondJamesFinancial,punctuation
Lendmark Financial Services,LENDMARK FINANCIAL SERVICES,typography
Intel Corporation Company,Intel,legal_suffix
China Yangtze Power,China Yangtze,brand_parent
Banco Bradesco,banco bradesco,typography
VMware,VMWARE,typography
Bell City Auto Center,bell city auto center,typography
AEGON Life Insurance,AEGON LIFE INSURANCE,typography
Raiffeisen Bank International,Raiffeisen Bank,brand_parent
Shoppers Drug Mart,shoppers drug mart,typography
CarGurus,CARGURUS,typography
The Siam Commercial Bank,TSCB,abbreviation
SENTEXT SOLUTIONS,SENTEXTSOLUTIONS,punctuation
First United Bank,First United,brand_parent
eBay,EBAY,typography
Bank of East Asia,BankofEastAsia,punctuation
Wells Fargo,WF,abbreviation
Magic Leap,magic leap,typography
Cardinal Health,CardinalHealth,punctuation
Solvay,SOLVAY,typography
Terumo Corporation,Terumo,legal_suffix
American Tire Distributors ,American Tire,brand_parent
Mitsubishi UFJ Financial Group,MITSUBISHI UFJ FINANCIAL GROUP,typography
Regions Bank,RegionsBank,punctuation
MTR Foods,MTRFoods,punctuation
TOYOTA MOTOR,TOYOTA,partial
Armor Lite Trailers,Armor Lite,brand_parent
Corey Auto Wreckers,Corey Auto,brand_parent
EDP Energias de Portugal,EDP,partial
Kotak Mahindra Bank,Kotak Mahindra,brand_parent
CarMax Business Services,CarMax Business,brand_parent
Exxon Mobil Corporation,Exxon,partial
Phoebe Putney Health System,PPHS,abbreviation
Office Depot,OD,abbreviation
Intact Financial Corporation,Intact Financial,legal_suffix
China Petrochemical Corporation,China Petrochemical,legal_suffix
The Siam Commercial Bank Public Company,The Siam Commercial Bank Public,legal_suffix
Tift Regional Medical Center,Tift,partial
Truist Financial,Truist,partial
Laboratory Corporation of America Holdings,LCoAH,abbreviation
Idemitsu Kosan,Idemitsu,partial
SUMITOMO METAL MINING,SUMITOMO,partial
WEC Energy Group,WEG,abbreviation
Canadian National Railway,Canadian,partial
SVB Financial Group,SVB,partial
SEGA Europe,SEGA,partial
The Siam Commercial Bank Public Company,TSCBPC,abbreviation
Norwegian Cruise Line Holdings,NCLH,abbreviation
Raymond James Financial,RJF,abbreviation
EDP Energias de Portugal,EDP Energias de,brand_parent
Amphenol Corporation,Amphenol,legal_suffix
Coca-Cola European Partners,Coca Cola European,brand_parent
Daiichi Sankyo,Daiichi,partial
Pernod Ricard,Pernod,partial
Key Corp,Key,legal_suffix
DAIKIN INDUSTRIES,DAIKIN,partial
Northrop Grumman,Northrop,partial
Agilent Technologies,Agilent,partial
HollyFrontier Corporation,HollyFrontier,legal_suffix
S&P Global Market Intelligence,SPGMI,abbreviation
Madinah Translation,Madinah,partial
Procter & Gamble,P&G,abbreviation
Shimao Property Holdings,SPH,abbreviation
Honda Motor,Honda,partial
Bank of East Asia,BoEA,abbreviation
Macatawa Bank,Macatawa,partial
Townsend Lumber,Townsend,partial
Accord Business Consulting,Accord,partial
Wells Fargo,Wells,partial
Shearer's Foods,Shearer,partial
Kuehne+Nagel,Kuehne,partial
Suning Tesco Group,Suning,partial
ASAHI GROUP HOLDINGS,ASAHI GROUP,brand_parent
PKO Bank Polski,PKO,partial
Subaru of America,SoA,abbreviation
FREEDOM AUTO,FREEDOM,partial
PVH Corp,PC,abbreviation
THE BANK OF NEW YORK MELLON,THE BANK OF NEW YORK,brand_parent
China International Marine Containers Group,CIMCG,abbreviation
Wilson N. Jones Regional Medical Center,WNJRMC,abbreviation
Sumitomo Realty & Development,Sumitomo,partial
Ultra-Grip International,UGI,abbreviation
Cisco Systems,Cisco,partial
J/E Bearing and Machine,J E Bearing and,brand_parent
Uber Technologies,Uber,partial
Saudi Electricity Company,Saudi Electricity,legal_suffix
GKN Sinter Metals Engineering,GSME,abbreviation
Sumitomo Mitsui Trust,Sumitomo Mitsui,brand_parent
East Penn Manufacturing,East Penn,brand_parent
Arab National Bank,Arab,partial
Qurate Retail,Qurate,partial
Guangzhou Rural Commercial Bank,Guangzhou Rural Commercial,brand_parent
Huansheng Ecommerce,Huansheng,partial
Sumitomo Mitsui Trust,Sumitomo,partial
Chubu Electric Power,Chubu,partial
Banco de Sabadell,BdS,abbreviation
CHINA MINSHENG BANK,CHINA MINSHENG,brand_parent
Keurig Dr Pepper,Keurig Dr,brand_parent
T.F. Warren Group,T F Warren,brand_parent
Hewlett Packard Enterprise,Hewlett Packard,brand_parent
Svenska Handelsbanken,Svenska,partial
Baylor Scott & White Health,Baylor Scott White,brand_parent
Douglas Elliman Real Estate,Douglas Elliman Real,brand_parent
The Siam Commercial Bank,The Siam Commercial,brand_parent
Johnson & Johnson Services,JJS,abbreviation
Shanghai Electric Power,Shanghai Electric,brand_parent
SK TELECOM,SK,partial
Mega Holdings,Mega,partial
Banorte Financial,Banorte,partial
LG Chem,LG,partial
True North Energy,True North,brand_parent
Applied Materials,Applied,partial
Shoppers Drug Mart,Shoppers Drug,brand_parent
Citizens Financial Group,Citizens Financial,brand_parent
PPG Industries,PPG,partial
Aluminum Corp,Aluminum,legal_suffix
Deloitte Touche Tohmatsu,Deloitte,partial
MITSUBISHI MOTORS CORPORATION,MITSUBISHI MOTORS,legal_suffix
IBK (Industrial Bank of Korea),IBK,partial
Advocate Health Care,Advocate Health,brand_parent
Barrick Gold Corporation,Barrick,partial
Infineon Technologies,Infineon,partial
Air Products & Chemicals,APC,abbreviation
MGM Resorts International,MGM Resorts,brand_parent
Hanwha Group,Hanwha,partial
Samba Financial Group,Samba,partial
Sharp Corporation,Sharp,legal_suffix
Royal Bank of Scotland,RBoS,abbreviation
MTN Group Management Services,MTN Group Management,brand_parent
Lendmark Financial Services,Lendmark,partial
Stanley Black & Decker,SBD,abbreviation
Krungthai Bank,KB,abbreviation
Royal Caribbean International,Royal Caribbean,brand_parent
Meiji Holdings,Meiji,partial
FUNAI ELECTRIC,FUNAI,partial
Zippo Manufacturing,Zippo,partial
Telkom Indonesia,Telkom,partial
NEC Corporation,NEC,legal_suffix
Rio Tinto,RT,abbreviation
J.F. Shea,JFS,abbreviation
CHINA JINMAO HOLDINGS GROUP,CHINA JINMAO HOLDINGS,brand_parent
Tokyo Century Corporation,Tokyo Century,legal_suffix
SAMSUNG FIRE & MARINE INSURANCE,SAMSUNG,partial
Rockwell Automation,Rockwell,partial
Dell Technologies,Dell,partial
Groupe ADP,Groupe,partial
ONE Sotheby's International Realty,ONE Sotheby s International,brand_parent
Mediterranean Bank Network,Mediterranean Bank,brand_parent
China Mengniu Dairy,China Mengniu,brand_parent
MOHAWK INDUSTRIES,MOHAWK,partial
The Kraft Heinz Company,The Kraft Heinz,legal_suffix
Nippon Telegraph and Telephone,Nippon Telegraph and,brand_parent
Deere and Company,Deere and,legal_suffix
Formosa Chemicals & Fibre,Formosa Chemicals,brand_parent
Liberty Mutual Insurance,Liberty Mutual,brand_parent
Invision Technologies,Invision,partial
Mitsubishi UFJ Financial Group,Mitsubishi UFJ Financial,brand_parent
Daiwa Securities Group,DSG,abbreviation
Power Construction Corporation of China,PCCoC,abbreviation
Fairfax Financial Holdings,Fairfax,partial
Laboratory Corporation of America Holdings,Laboratory  of America Holdings,legal_suffix
Applied Materials,AM,abbreviation
Elkay Manufacturing,Elkay,partial
BNP Paribas,BP,abbreviation
Evraz Group,Evraz,partial
SUMITOMO METAL MINING,SUMITOMO METAL,brand_parent
SCENTRE GROUP,SCENTRE,partial
China Tower Corporation,China Tower,legal_suffix
Empereon-Constar,Empereon,partial
Omnicom Group,Omnicom,partial
KUWAIT FINANCE HOUSE,KUWAIT FINANCE,brand_parent
Devon Energy,Devon,partial
Homewood Health,Homewood,partial
Tata Steel,Tata,partial
Legend Holdings Corporation,Legend Holdings,legal_suffix
International Paper,International,partial
Novo Nordisk,NN,abbreviation
Plumas Bank,Plumas,partial
KEYENCE CORPORATION,KEYENCE,legal_suffix
China Cinda Asset Management,China Cinda Asset,brand_parent
Yanzhou Coal Mining,Yanzhou Coal,brand_parent
Fiat Chrysler Automobiles,Fiat Chrysler,brand_parent
The PNC Financial Services Group,The PNC Financial Services,brand_parent
Sanlam Life Insurance,Sanlam Life,brand_parent
Alibaba.com,Alibaba,partial
Seagate Technology,Seagate,partial
Northwell Health,Northwell,partial
United Rotary Brush,United Rotary,brand_parent
Lendmark Financial Services,LFS,abbreviation
Cifi Group,Cifi,partial
THE BANK OF NEW YORK MELLON,TBONYM,abbreviation
Haitong Securities,Haitong,partial
Genesis HealthCare,GH,abbreviation
Lynch Consultants,Lynch,partial
Evercam Ireland,Evercam,partial
Cresittel BEAUTY,Cresittel,partial
Shimao Property Holdings,Shimao,partial
Takeda Pharmaceutical,Takeda,partial
Texoma Medical Center,TMC,abbreviation
JFE Holdings,JFE,partial
LARSEN & TOUBRO,LARSEN,partial
SLN Group,SLN,partial
ICE Development,ICE,partial
Yuanta Financial Holding,Yuanta Financial,brand_parent
Dongfeng Motor Group,Dongfeng Motor,brand_parent
The General Hospital Corporation,The General Hospital,legal_suffix
Brookfield Asset Managemen,Brookfield,partial
NEMX Skilled Trades,NEMX Skilled,brand_parent
Quanta Computer,Quanta,partial
Ross Stores,Ross,partial
YILI.COM,YILI,partial
Dixon Hughes Goodman,DHG,abbreviation
Westlake Chemical Corporation,Westlake Chemical,legal_suffix
Associated British Foods,Associated British,brand_parent
Edwards Lifesciences Corporation,Edwards Lifesciences,legal_suffix
AGRICULTURAL BANK OF CHINA (ABC),AGRICULTURAL BANK OF CHINA,brand_parent
Metropolitan Bank and Trust,Metropolitan Bank and,brand_parent
Whirlpool Corporation,Whirlpool,legal_suffix
General Electric,GE,abbreviation
Baloise Group,Baloise,partial
Donnelley Financial Solutions,DFS,abbreviation
Grasim Industries,Grasim,partial
Hindalco Industries,Hindalco,partial
Wanhua Chemical Group,Wanhua,partial
Teva Pharmaceutical Industries,Teva Pharmaceutical,brand_parent
Caliber Home Loans,Caliber Home,brand_parent
TE Connectivity,TE,partial
InterContinental Hotels Group,InterContinental,partial
CTBC Financial,CTBC,partial
Kaiser Foundation Health Plan,KFHP,abbreviation
Canadian National Railway,Canadian National,brand_parent
TE Connectivity,TC,abbreviation
New York Community Bank,New York Community,brand_parent
Chunghwa Telecom,Chunghwa,partial
Jingdong JD.com,Jingdong JD,brand_parent
SINGING RIVER HEALTH SYSTEM,SRHS,abbreviation
PTT Public Company Limited,PTT Public  Limited,legal_suffix
KYOCERA Corporation,KYOCERA,legal_suffix
Knorr-Bremse,Knorr,partial
KOREA GAS CORPORATION,KOREA GAS,legal_suffix
Xcel Energy,Xcel,partial
CarMax Business Services,CarMax,partial
PKN ORLEN,PKN,partial
Singapore Airlines,SIA,abbreviation
Green Shield Canada,Green Shield,brand_parent
Krungthai Bank,Krungthai,partial
Mitsubishi UFJ Financial Group,Mitsubishi,partial
Dixon Hughes Goodman,Dixon,partial
Dassault Aviation,Dassault,partial
Japan Exchange Group,JEG,abbreviation
KOREA GAS CORPORATION,KOREA,partial
S&P Global,S P,brand_parent
State Bank of India,SBoI,abbreviation
Arab National Bank,ANB,abbreviation
Kearney & Company,Kearney,partial
OTP Bank,OTP,partial
Sumitomo Mitsui Financial,Sumitomo Mitsui,brand_parent
Evergrande Group,Evergrande,partial
PKO Bank Polski,PKO Bank,brand_parent
Roberts Trucking,Roberts,partial
Huaneng Power International,Huaneng Power,brand_parent
Telenor Group,TELENOR GROUP,typography
WH Group,WH,partial
YILI.COM,yili.com,typography
Air Products & Chemicals,Air Products,brand_parent
Japan Exchange Group,JapanExchangeGroup,punctuation
Lincoln National,lincoln national,typography
China Development Financial Holding Corporation,china development financial holding corporation,typography
V-Soft Consulting,V Soft,brand_parent
GKN Sinter Metals Engineering,gkn sinter metals engineering,typography
D.R. Horton,D.R. HORTON,typography
ZheShang Bank,ZHESHANG BANK,typography
Lloyds Banking Group,LloydsBankingGroup,punctuation
Egar Tool & Die,Egar Tool,brand_parent
MetLife Services and Solutions,MetLife,partial
PARAMOUNT RESIDENTIAL MORTGAGE GROUP,PARAMOUNTRESIDENTIALMORTGAGEGROUP,punctuation
Home Depot Product Authority,home depot product authority,typography
CNH Industrial,CNH INDUSTRIAL,typography
Schaeffler,SCHAEFFLER,typography
DISH Network,DISHNetwork,punctuation
Investor AB,InvestorAB,punctuation
Symmetry Financial Group,SymmetryFinancialGroup,punctuation
Lanyon Solutions,LANYON SOLUTIONS,typography
Berry Global,BERRY GLOBAL,typography
WOORI FINANCIAL GROUP,WFG,abbreviation
NewAgeSys Solutions,newagesys solutions,typography
CME Group,cme group,typography
U.S. Bank,U.S. BANK,typography
SHIMIZU CORPORATION,SHIMIZU,legal_suffix
Dassault Systemes,DassaultSystemes,punctuation
TD Bank,TD,partial
Equity Residential,EQUITY RESIDENTIAL,typography
BOE Technology Group,boe technology group,typography
Bank Hapoalim,BH,abbreviation
Teva Pharmaceutical Industries,TEVA PHARMACEUTICAL INDUSTRIES,typography
Mitsubishi Chemical,Mitsubishi,partial
Guaranty Bank & Trust,GUARANTY BANK & TRUST,typography
Egar Tool & Die,EGAR TOOL & DIE,typography
Amadeus IT Group,Amadeus,partial
Shiseido,shiseido,typography
Masco,masco,typography
Pembina Pipeline Corporation,Pembina Pipeline,legal_suffix
Kearney & Company,KearneyCompany,punctuation
FC Compassus,fc compassus,typography
Licking Memorial Health Systems,licking memorial health systems,typography
Markel Corporation,markel corporation,typography
Grupo Aval,GrupoAval,punctuation
Reliance Industries,RelianceIndustries,punctuation
China Gas Holdings,China Gas,brand_parent
Booz Allen Hamilton,BoozAllenHamilton,punctuation
ADS Alliance Data Systems,AADS,abbreviation
American Financial Group,American Financial,brand_parent
airtel India,airtel,partial
Goldman Sachs,goldman sachs,typography
Astellas Pharma,AstellasPharma,punctuation
ASAHI GROUP HOLDINGS,asahi group holdings,typography
Mahindra & Mahindra,MAHINDRA & MAHINDRA,typography
KLA Corporation,KLACorporation,punctuation
Experian,experian,typography
Metro Cast Network,MCN,abbreviation
Uber Technologies,UBER TECHNOLOGIES,typography
Exxon Mobil,exxon mobil,typography
DuPont,DUPONT,typography
AntarChile,ANTARCHILE,typography
KwaZulu-Natal Department of Health,KWAZULU-NATAL DEPARTMENT OF HEALTH,typography
Ultra-Grip International,ultra-grip international,typography
Intact Financial Corporation,IFC,abbreviation
Merck & Co,MerckCo,punctuation
Investec,INVESTEC,typography
CREDIT SUISSE GROUP,CREDIT SUISSE,brand_parent
Goldman Sachs,GS,abbreviation
TH Medical,TH,partial
Martinrea International,MARTINREA INTERNATIONAL,typography
Akzo Nobel,akzo nobel,typography
American Tire Distributors ,AmericanTireDistributors,punctuation
Western Alliance Bancorporation,western alliance bancorporation,typography
Sumitomo Chemical,sumitomo chemical,typography
Honeywell International,HONEYWELL INTERNATIONAL,typography
Evercam Ireland,evercam ireland,typography
Keller Williams Realty,Keller,partial
Williams Grand Prix Engineering,Williams Grand Prix,brand_parent
NT Financial Services,NFS,abbreviation
Jiangxi Copper Corporation,JIANGXI COPPER CORPORATION,typography
SUNTORY BEVERAGE & FOOD,SBF,abbreviation
CK Hutchison,ck hutchison,typography
Lumileds Holding,Lumileds,partial
ENBRIDGE,enbridge,typography
Bank Negara Indonesia,bank negara indonesia,typography
BANK OF CHINA(BOC),BANKOFCHINA(BOC),punctuation
Neato Employment Services,Neato Employment,brand_parent
Unum Group,Unum,partial
Paychex,PAYCHEX,typography
Intuitive Surgical,INTUITIVE SURGICAL,typography
Netflix,netflix,typography
Zimmer Biomet,ZIMMER BIOMET,typography
SAMSUNG FIRE & MARINE INSURANCE,SFMI,abbreviation
Agilent Technologies,AgilentTechnologies,punctuation
Deloitte Touche Tohmatsu,deloitte touche tohmatsu,typography
Daimler,daimler,typography
CIMB GROUP HOLDINGS,CIMB,partial
American Airlines,AmericanAirlines,punctuation
Fiserv,FISERV,typography
airtel India,AIRTEL INDIA,typography
Banco Santander,banco santander,typography
Japan Exchange Group,JAPAN EXCHANGE GROUP,typography
WEST JAPAN RAILWAY,WJR,abbreviation
Isuzu Motors,Isuzu,partial
Exxon Mobil Corporation,exxon mobil corporation,typography
Keurig Dr Pepper,KEURIG DR PEPPER,typography
Skandinaviska Enskilda Banken,Skandinaviska Enskilda,brand_parent
Seagate Technology,SEAGATE TECHNOLOGY,typography
Newmont Corporation,newmont corporation,typography
Kinder Signs and Design,Kinder Signs and,brand_parent
Idemitsu Kosan,IdemitsuKosan,punctuation
China Communications Construction,China Communications,brand_parent
Restaurant Brands International,restaurant brands international,typography
Infosys,infosys,typography
Shiseido,SHISEIDO,typography
Chunghwa Telecom,chunghwa telecom,typography
Lockheed Martin,LOCKHEED MARTIN,typography
USAA,usaa,typography
Punjab National Bank,PNB,abbreviation
Sumitomo Mitsui Financial,SMF,abbreviation
Third Federal Savings & Loan,THIRD FEDERAL SAVINGS & LOAN,typography
OZCARE,ozcare,typography
China Taiping Insurance,CHINA TAIPING INSURANCE,typography
Fifth Third Bank,FifthThirdBank,punctuation
Alstom,ALSTOM,typography
Linamar,linamar,typography
Sandvik,sandvik,typography
Willis Towers Watson,Willis Towers,brand_parent
Kaiser Foundation Health Plan,Kaiser,partial
Mizuho Financial,MIZUHO FINANCIAL,typography
Goodyear Tire & Rubber,Goodyear Tire,brand_parent
TMMC,tmmc,typography
SEKISUI HOUSE,sekisui house,typography
Regions Bank,REGIONS BANK,typography
Samsung SDS,Samsung,partial
NTT DATA,NTT,partial
Jingdong JD.com,JingdongJDcom,punctuation
Jiangxi Copper Corporation,Jiangxi Copper,legal_suffix
Link Asset Management,LinkAssetManagement,punctuation
KLA Corporation,KLA CORPORATION,typography
Berry Global,Berry,partial
George Weston,george weston,typography
Schlumberger,SCHLUMBERGER,typography
Sanlam Life Insurance,SanlamLifeInsurance,punctuation
General Mills,GeneralMills,punctuation
Altice USA,Altice,partial
Canadia Bank,canadia bank,typography
Cogne Acciai Speciali,COGNE ACCIAI SPECIALI,typography
LG Household & Health Care,lg household & health care,typography
Formosa Plastics Corporation,Formosa Plastics,legal_suffix
Stanley Black & Decker,StanleyBlackDecker,punctuation
The Siam Commercial Bank Public Company,THE SIAM COMMERCIAL BANK PUBLIC COMPANY,typography
Banner Health,BannerHealth,punctuation
Channel 5 Broadcasting,Channel5Broadcasting,punctuation
PVH Corp,PVHCorp,punctuation
DAIKIN INDUSTRIES,DAIKININDUSTRIES,punctuation
Origin Energy,ORIGIN ENERGY,typography
Turkish Airlines,turkish airlines,typography
ICBC,icbc,typography
Banco Bilbao Vizcaya Argentaria,BANCO BILBAO VIZCAYA ARGENTARIA,typography
LG Household & Health Care,LG HOUSEHOLD & HEALTH CARE,typography
NCB,ncb,typography
SM Investments Corporation,SM,partial
China National Pharmaceutical Group,china national pharmaceutical group,typography
Laboratory Corporation of America Holdings,LABORATORY CORPORATION OF AMERICA HOLDINGS,typography
Lanyon Solutions,LanyonSolutions,punctuation
Fortive,fortive,typography
Unitedhealth Group,uhg,abbreviation
Attijariwafa Bank,AttijariwafaBank,punctuation
Hon Hai Precision,HON HAI PRECISION,typography
Saint-Gobain,Saint,partial
AmerisourceBergen,amerisourcebergen,typography
Tokio Marine Holdings,TOKIO MARINE HOLDINGS,typography
The Hartford,TheHartford,punctuation
Capgemini,CAPGEMINI,typography
Telecom Italia Sparkle,Telecom Italia,brand_parent
Porsche Automobil Holding,Porsche Automobil,brand_parent
Stellar Development Foundation,STELLAR DEVELOPMENT FOUNDATION,typography
Amphenol Corporation,AmphenolCorporation,punctuation
Norwegian Cruise Line Holdings,NorwegianCruiseLineHoldings,punctuation
Sky Bird Travel & Tours,SkyBirdTravelTours,punctuation
First Financial Bankshares,FirstFinancialBankshares,punctuation
BANK OF CHINA(BOC),BANK OF CHINA,brand_parent
WEST JAPAN RAILWAY,WESTJAPANRAILWAY,punctuation
Fiat Chrysler Automobiles,FIAT CHRYSLER AUTOMOBILES,typography
Riyad Bank,RIYAD BANK,typography
AlphaKOR Group,AlphaKORGroup,punctuation
DuPont,dupont,typography
Commercial National Bank,COMMERCIAL NATIONAL BANK,typography
AVACAS ICT Advisory Services,AVACAS ICT ADVISORY SERVICES,typography
Expedia,expedia,typography
Evergrande Group,EvergrandeGroup,punctuation
Hindalco Industries,HINDALCO INDUSTRIES,typography
MGM Resorts International,MGM,partial
Petrobras,petrobras,typography
Bharat Petroleum,BHARAT PETROLEUM,typography
AARC,aarc,typography
KUBOTA,kubota,typography
General Mills,GM,abbreviation
Bankinter,BANKINTER,typography
Commerzbank,commerzbank,typography
BAIC Motor Corporation,BAIC MOTOR CORPORATION,typography
Forrester Research,ForresterResearch,punctuation
Arconic,ARCONIC,typography
Boston Consulting Group,BOSTON CONSULTING GROUP,typography
Citizens Financial Group,CITIZENS FINANCIAL GROUP,typography
Ebates Performance Marketing,Ebates Performance,brand_parent
Bloomington Meadows Hospital,BLOOMINGTON MEADOWS HOSPITAL,typography
Isuzu Motors,isuzu motors,typography
Kelly Services,Kelly,partial
The Regents of the University of California,TRotUoC,abbreviation
Mitsubishi UFJ Financial Group,mitsubishi ufj financial group,typography
AT&T,at&t,typography
Jiangxi Copper Corporation,jiangxi copper corporation,typography
Paris Kitchens,paris kitchens,typography
China International Capital Corporation,CHINA INTERNATIONAL CAPITAL CORPORATION,typography
Japan Exchange Group,Japan Exchange,brand_parent
Donaldson Company,DONALDSON COMPANY,typography
Allman Electric,Allman,partial
Lowe's,lowe's,typography
AVACAS ICT Advisory Services,AVACASICTAdvisoryServices,punctuation
Inter Rao,Inter,partial
Daiwa Securities Group,daiwa securities group,typography
Alkermes,ALKERMES,typography
Helvetia Group,HelvetiaGroup,punctuation
Grupo Aval,GRUPO AVAL,typography
Bharat Petroleum,BP,abbreviation
Emerson Electric,emerson electric,typography
UBI Banca,UBI,partial
Steel Dynamics,SteelDynamics,punctuation
Diamondback Energy,DiamondbackEnergy,punctuation
PETRONAS Chemicals Group,PETRONAS CHEMICALS GROUP,typography
Sojitz Corporation,sojitz corporation,typography
Punjab National Bank,Punjab,partial
Samsung SDI,samsung sdi,typography
Willis Towers Watson,WILLIS TOWERS WATSON,typography
Asahi Kasei,AsahiKasei,punctuation
The Coca-Cola Company,The Coca-Cola,legal_suffix
Granite Telecommunications,GRANITE TELECOMMUNICATIONS,typography
T. Rowe Price,T. ROWE PRICE,typography
Seagate Technology,SeagateTechnology,punctuation
Thermo Fisher Scientific,THERMO FISHER SCIENTIFIC,typography
Amazon,AMAZON,typography
Devon Energy,devon energy,typography
China Merchants Shekou Industrial Zone,china merchants shekou industrial zone,typography
PVH Corp,PVH CORP,typography
Rockland Trust,RocklandTrust,punctuation
ZTE Corporation,ZTE CORPORATION,typography
Procore Technologies,Procore,partial
Restaurant Brands International,RestaurantBrandsInternational,punctuation
DP World,DPWorld,punctuation
Attijariwafa Bank,Attijariwafa,partial
Deutsche Telekom,DEUTSCHE TELEKOM,typography
Charoen Pokphand Foods,Charoen Pokphand,brand_parent
Thales Group,Thales,partial
Regeneron Pharmaceuticals,Regeneron,partial
Donnelley Financial Solutions,donnelley financial solutions,typography
Anheuser-Busch InBev,ANHEUSER-BUSCH INBEV,typography
SIMON PROPERTY GROUP,simon property group,typography
Stellar Development Foundation,SDF,abbreviation
Bharat Petroleum,BharatPetroleum,punctuation
Credit Agricole,CREDIT AGRICOLE,typography
Plumas Bank,PlumasBank,punctuation
UBS,ubs,typography
Legend Holdings Corporation,Legend,partial
"ACS, Activities of Construction and Services",ACSActivitiesofConstructionandServices,punctuation
Astellas Pharma,ASTELLAS PHARMA,typography
CNA Insurance,CNAInsurance,punctuation
The TJX Companies,the tjx companies,typography
Delta Regional Medical Center,Delta Regional Medical,brand_parent
CLARION SINTERED METALS,clarion sintered metals,typography
Intercontinental Exchange,intercontinental exchange,typography
Advanced Bank of Asia,advanced bank of asia,typography
Advanced Bank of Asia,AdvancedBankofAsia,punctuation
KEPCO THE KANSAI ELECTRIC POWER,KEPCO,partial
Charles Schwab & Co.,Charles Schwab,brand_parent
Phoenix Group Holdings,phoenix group holdings,typography
Rogers Communications,rogers communications,typography
LEADBETTERS MEATS,LEADBETTERSMEATS,punctuation
NATIONAL BANK OF CANADA,national bank of canada,typography
Capgemini,capgemini,typography
Beijing Enterprises Holdings,Beijing Enterprises,brand_parent
Reading Crane & Engineering,Reading Crane,brand_parent
Thermo Fisher Scientific,Thermo Fisher,brand_parent
Rockwell Automation,RockwellAutomation,punctuation
Molson Coors Beverage,MOLSON COORS BEVERAGE,typography
Boston Scientific,boston scientific,typography
SHIMIZU CORPORATION,SHIMIZUCORPORATION,punctuation
Shimao Property Holdings,shimao property holdings,typography
MITSUBISHI MOTORS CORPORATION,MITSUBISHI,partial
IQVIA ,IQVIA,punctuation
eBay,ebay,typography
Tata Motors,Tata,partial
Qualcomm Technologies,QualcommTechnologies,punctuation
China Yangtze Power,china yangtze power,typography
Conestoga Meat Packers,Conestoga Meat,brand_parent
Norfolk Southern,NORFOLK SOUTHERN,typography
OBAYASHI CORPORATION,obayashi corporation,typography
BNP Paribas,bnp paribas,typography
Rolls-Royce,ROLLS-ROYCE,typography
Vienna Insurance Group,Vienna Insurance,brand_parent
Citizens Financial Group,CitizensFinancialGroup,punctuation
Kweichow Moutai,KweichowMoutai,punctuation
FAMILY DOLLAR STORES,FAMILY DOLLAR,brand_parent
Bain & Company,bain & company,typography
Universal Health Services,UNIVERSAL HEALTH SERVICES,typography
Legend Holdings Corporation,legend holdings corporation,typography
Naeem Electronics,naeem electronics,typography
Absa Group,ABSA GROUP,typography
Phillips 66,Phillips,partial
CJ CHEILJEDANG CORP,cj cheiljedang corp,typography
AISIN SEIKI,AISIN,partial
Mahindra & Mahindra,mahindra & mahindra,typography
Allergan,allergan,typography
INDUSTRIAL BANK,INDUSTRIAL,partial
Horizon Therapeutics,HorizonTherapeutics,punctuation
SLN Group,SLNGroup,punctuation
Fosun International,FOSUN INTERNATIONAL,typography
ADS Alliance Data Systems,ADSAllianceDataSystems,punctuation
Absa Group,absa group,typography
IBK (Industrial Bank of Korea),ibk (industrial bank of korea),typography
American Water,AmericanWater,punctuation
Mega Holdings,MEGA HOLDINGS,typography
Banco do Brasil,BANCO DO BRASIL,typography
NewAgeSys Solutions,NewAgeSys,partial
Fannie Mae,FANNIE MAE,typography
Intact Financial Corporation,IntactFinancialCorporation,punctuation
AIA Group,aia group,typography
Kuehne+Nagel,KN,abbreviation
Truist Financial,truist financial,typography
Netflix,NETFLIX,typography
Intergen,intergen,typography
Power Construction Corporation of China,PowerConstructionCorporationofChina,punctuation
Serial System,SERIAL SYSTEM,typography
Advantage Solutions,AS,abbreviation
Cambodian National Insurance,cambodian national insurance,typography
The Northwestern Mutual Life Insurance Company,THE NORTHWESTERN MUTUAL LIFE INSURANCE COMPANY,typography
Deutsche Telekom,deutsche telekom,typography
Comerica Bank,COMERICA BANK,typography
Newmont Corporation,Newmont,legal_suffix
East Penn Manufacturing,EAST PENN MANUFACTURING,typography
Goldman Sachs,GoldmanSachs,punctuation
Norsk Hydro,Norsk,partial
Lowe's,LOWE'S,typography
CIMB GROUP HOLDINGS,CIMBGROUPHOLDINGS,punctuation
SASOL,sasol,typography
NTPC,ntpc,typography
Roper Technologies,ROPER TECHNOLOGIES,typography
First State Bank,FIRST STATE BANK,typography
Wilson N. Jones Regional Medical Center,Wilson N Jones Regional Medical,brand_parent
CLARION SINTERED METALS,CLARION,partial
American International Group,AIG,abbreviation
Flint Community Bank,FlintCommunityBank,punctuation
Attijariwafa Bank,attijariwafa bank,typography
Givaudan,GIVAUDAN,typography
INDUSTRIAL BANK,INDUSTRIALBANK,punctuation
Bank Of Jiangsu,BANK OF JIANGSU,typography
Western Alliance Bancorporation,Western Alliance,brand_parent
Bank Central Asia,BCA,abbreviation
WellCare Health Plans,WHP,abbreviation
Molina Healthcare,molina healthcare,typography
Swire Pacific,SWIRE PACIFIC,typography
SK Hynix,SK,partial
Neato Employment Services,NeatoEmploymentServices,punctuation
PJSC MMC Norilsk Nickel,pjsc mmc norilsk nickel,typography
Choice Hotels International,CHOICE HOTELS INTERNATIONAL,typography
Halliburton,halliburton,typography
Shearer's Foods,Shearer s,brand_parent
Centene,centene,typography
Arch Capital Group,ARCH CAPITAL GROUP,typography
Laboratory Corporation of America Holdings,laboratory corporation of america holdings,typography
BMO Financial Group,bmo financial group,typography
Tesla,TESLA,typography
State Street,StateStreet,punctuation
The Ritz-Carlton Hotel Company,TRCHC,abbreviation
Quest Diagnostics,QuestDiagnostics,punctuation
NICE inContact,NICEinContact,punctuation
Loews,loews,typography
JPMorgan Chase & Co.,JPMorganChaseCo,punctuation
ZipRecruiter,ZIPRECRUITER,typography
Salesforce.com,Salesforce,partial
Hyundai Steel,Hyundai,partial
China Mengniu Dairy,china mengniu dairy,typography
Dongfeng Motor Group,DONGFENG MOTOR GROUP,typography
PTT Public Company Limited,PTTPublicCompanyLimited,punctuation
Jabil,JABIL,typography
Galaxy Entertainment Group,Galaxy,partial
Daines Insurance and Financial Services,Daines Insurance and Financial,brand_parent
Jingdong JD.com,JINGDONG JD.COM,typography
Cresittel BEAUTY,CRESITTEL BEAUTY,typography
TD Bank,TDBank,punctuation
Ross Stores,ross stores,typography
First State Bank,first state bank,typography
China Construction Bank,China Construction,brand_parent
Nedbank,NEDBANK,typography
Thai Beverage,THAI BEVERAGE,typography
Marriott International,marriott international,typography
Corning,CORNING,typography
Mitsui Fudosan,Mitsui,partial
Bloomington Meadows Hospital,Bloomington Meadows,brand_parent
Sumitomo Heavy Industries,sumitomo heavy industries,typography
Third Federal Savings & Loan,ThirdFederalSavingsLoan,punctuation
The Sherwin-Williams Company,The Sherwin Williams,brand_parent
Investor AB,INVESTOR AB,typography
Baylor Scott & White Health,BaylorScottWhiteHealth,punctuation
BANK OF CHINA(BOC),BOC,abbreviation
Goodyear Tire & Rubber,goodyear tire & rubber,typography
Reading Crane & Engineering,reading crane & engineering,typography
Vita Group,VitaGroup,punctuation
C.H. Robinson Worldwide,C H Robinson,brand_parent
SM Investments Corporation,SM INVESTMENTS CORPORATION,typography
China Huarong Asset Management,CHINA HUARONG ASSET MANAGEMENT,typography
Wanhua Chemical Group,WANHUA CHEMICAL GROUP,typography
Best Buy,best buy,typography
Metro Cast Network,MetroCastNetwork,punctuation
Public Storage,PUBLIC STORAGE,typography
Approved Cash,APPROVED CASH,typography
The Ritz-Carlton Hotel Company,TheRitz-CarltonHotelCompany,punctuation
Vistra Corp,vistra corp,typography
Cardinal Health,CARDINAL HEALTH,typography
M&T Bank,MTB,abbreviation
Bank of Jinzhou,BankofJinzhou,punctuation
KhmerDev,KHMERDEV,typography
RSM US,RSM,partial
Metropolitan Bank and Trust,metropolitan bank and trust,typography
Boston Properties,boston properties,typography
Investors Bank,Investors,partial
Teva Pharmaceutical Industries,Teva,partial
Schlumberger,schlumberger,typography
Licking Memorial Health Systems,Licking Memorial Health,brand_parent
Walgreens,WALGREENS,typography
Dongfeng Motor Group,Dongfeng,partial
Kobe Steel,Kobe,partial
Ahold Delhaize,ahold delhaize,typography
Voya Services,VOYA SERVICES,typography
ZipRecruiter,ziprecruiter,typography
GKN Sinter Metals Engineering,GKN Sinter Metals,brand_parent
Colgate-Palmolive,COLGATE-PALMOLIVE,typography
Yanzhou Coal Mining,yanzhou coal mining,typography
Bank of Melbourne,BANK OF MELBOURNE,typography
"CELGENE CORPORATION
A BRISTOL-MYERS SQUIBB COMPANY",CELGENE,partial
Mitsubishi Electric,MitsubishiElectric,punctuation
CNH Industrial,CNHIndustrial,punctuation
Walgreens Boots Alliance,walgreens boots alliance,typography
Brown Advisory,brown advisory,typography
J. Skinner Baking Company,J. Skinner Baking,legal_suffix
ViacomCBS,VIACOMCBS,typography
China Everbright Bank,ChinaEverbrightBank,punctuation
Charter Communications,CharterCommunications,punctuation
Eversource,EVERSOURCE,typography
Early Warning Services,Early Warning,brand_parent
Phoenix Group Holdings,PGH,abbreviation
PTT Public Company Limited,PTT,partial
General Motors,GeneralMotors,punctuation
Anheuser-Busch InBev,anheuser-busch inbev,typography
Aon,AON,typography
Southern Bancorp,SouthernBancorp,punctuation
Recreational Equipment,Recreational,partial
TOYOTA INDUSTRIES,toyota industries,typography
Public Storage,public storage,typography
Mitsubishi Electric,MITSUBISHI ELECTRIC,typography
American Iron & Metal,American Iron,brand_parent
Banco Bradesco,BANCO BRADESCO,typography
Chunghwa Telecom,ChunghwaTelecom,punctuation
MTR Foods,mtr foods,typography
Ross Stores,ROSS STORES,typography
Banco Bilbao Vizcaya Argentaria,Banco Bilbao Vizcaya,brand_parent
AdKarma,adkarma,typography
Freudenberg Sealing Technologies,Freudenberg Sealing,brand_parent
PETRONAS Chemicals Group,PETRONASChemicalsGroup,punctuation
Best Buy,BEST BUY,typography
Lloyds Banking Group,lloyds banking group,typography
China Eastern Airlines,China Eastern,brand_parent
PULTEGROUP,pultegroup,typography
Kao,KAO,typography
Baxter,baxter,typography
KYOCERA Corporation,kyocera corporation,typography
V-Soft Consulting,v-soft consulting,typography
Knorr-Bremse,KNORR-BREMSE,typography
Kaiser Foundation Health Plan,kaiser foundation health plan,typography
T.F. Warren Group,TFWarrenGroup,punctuation
Advocate Health Care,ADVOCATE HEALTH CARE,typography
Procore Technologies,ProcoreTechnologies,punctuation
CJ CHEILJEDANG CORP,CJCHEILJEDANGCORP,punctuation
Dimensional Fund Advisors,Dimensional Fund,brand_parent
Novo Nordisk,NovoNordisk,punctuation
Bankinter,bankinter,typography
ASSICURAZIONI GENERALI,ASSICURAZIONI,partial
Truck-Lite,truck-lite,typography
Charoen Pokphand Foods,CHAROEN POKPHAND FOODS,typography
Westpac Banking,WestpacBanking,punctuation
Gemdale Properties andInvestment Corporation,Gemdale Properties andInvestment,legal_suffix
Societe Generale,SocGen,abbreviation
Chevron,chevron,typography
China National Pharmaceutical Group,ChinaNationalPharmaceuticalGroup,punctuation
Myanmars Net Software,MyanmarsNetSoftware,punctuation
Mediacom Communications,MediacomCommunications,punctuation
American Financial Group,AMERICAN FINANCIAL GROUP,typography
Japan Exchange Group,japan exchange group,typography
Republic Finance,RepublicFinance,punctuation
Vita Group,VG,abbreviation
Axis Bank,AxisBank,punctuation
NetEase,NETEASE,typography
Tyler Technologies,tyler technologies,typography
Cogne Acciai Speciali,Cogne Acciai,brand_parent
Beijing Enterprises Holdings,BeijingEnterprisesHoldings,punctuation
BAE Systems,BAE,partial
Hawthorn Bank,hawthorn bank,typography
BrightStar Care,BrightStar,partial
Mediobanca Banca di Credito Finanziario,Mediobanca Banca di Credito,brand_parent
Advocate Health Care,Advocate,partial
Thrivent,thrivent,typography
Aramark,ARAMARK,typography
Brown Advisory,Brown,partial
Conagra Brands,ConagraBrands,punctuation
National Machinery,national machinery,typography
China Gas Holdings,CHINA GAS HOLDINGS,typography
Unilever,unilever,typography
Modern Broker,MODERN BROKER,typography
Newmont Corporation,NEWMONT CORPORATION,typography
PGNiG,PGNIG,typography
SUNTORY BEVERAGE & FOOD,suntory beverage & food,typography
Deluxe Entertainment,Deluxe,partial
CACI International,caci international,typography
Grasim Industries,grasim industries,typography
Conestoga Meat Packers,CONESTOGA MEAT PACKERS,typography
ACCIONA,acciona,typography
TOKYU CORPORATION,tokyu corporation,typography
Healthcare with Heart,HwH,abbreviation
AutoZone,autozone,typography
China Pacific Insurance,China Pacific,brand_parent
WEST JAPAN RAILWAY,WEST,partial
Alza.cz,Alza,partial
Grupo Elektra,GRUPO ELEKTRA,typography
Turkish Airlines,TurkishAirlines,punctuation
Unitedhealth Group,unitedhealth group,typography
TOYOTA MOTOR,TOYOTAMOTOR,punctuation
Unum Group,unum group,typography
Lonza,lonza,typography
Mahindra & Mahindra,MahindraMahindra,punctuation
ELLWOOD National Forge,ELLWOODNationalForge,punctuation
HOYA Corporation,HOYA,legal_suffix
COASTAL STATES BANK,coastal states bank,typography
Home Depot Product Authority,HOME DEPOT PRODUCT AUTHORITY,typography
W.W. Grainger,W W,brand_parent
Social Coup,social coup,typography
The Coca-Cola Company,TheCoca-ColaCompany,punctuation
Nippon Telegraph and Telephone,nippon telegraph and telephone,typography
M&T Bank,MTBank,punctuation
WEICHAI POWER,WEICHAI,partial
Great Wall Motor,GWM,abbreviation
Molson Coors Beverage,MolsonCoorsBeverage,punctuation
Invision Technologies,INVISION TECHNOLOGIES,typography
Galp,galp,typography
Mars,MARS,typography
MOL GROUP,mol group,typography
Fleetwood Metal Industries,fleetwood metal industries,typography
Hanwha Group,hanwha group,typography
United States Steel,USS,abbreviation
NEMX Skilled Trades,NEMX SKILLED TRADES,typography
Booking Holdings,booking holdings,typography
Kirin Holdings,KIRIN HOLDINGS,typography
Xiaomi,xiaomi,typography
Reading Crane & Engineering,RCE,abbreviation
Massachusetts Mutual Life Insurance Company (MassMutual),Massachusetts Mutual Life Insurance  (MassMutual),legal_suffix
Inovata Foods,Inovata,partial
Huntington National Bank,HUNTINGTON NATIONAL BANK,typography
LPL Financial,LPL,partial
SARGENTO FOODS,sargento foods,typography
Johnson & Johnson Services,JohnsonJohnsonServices,punctuation
CACI International,CACI INTERNATIONAL,typography
Vertex Pharmaceuticals,Vertex,partial
Advocate Health Care,AdvocateHealthCare,punctuation
W. R. Berkley Corporation,W. R. BERKLEY CORPORATION,typography
InterContinental Hotels Group,IHG,abbreviation
Otis Spunkmeyer,OtisSpunkmeyer,punctuation
Deutsche Wohnen,deutsche wohnen,typography
American International Group,AmericanInternationalGroup,punctuation
TENAGA NASIONAL,tenaga nasional,typography
Sumitomo Heavy Industries,Sumitomo,partial
WEC Energy Group,wec energy group,typography
Suncrest Bank,SUNCREST BANK,typography
Wheelock and Company,WHEELOCK AND COMPANY,typography
Reliance Industries,reliance industries,typography
Grasim Industries,GRASIM INDUSTRIES,typography
Kindred Healthcare,kindred healthcare,typography
Boston Scientific,BostonScientific,punctuation
Charter Communications,CHARTER COMMUNICATIONS,typography
Surplus Furniture and Mattress Warehouse,SurplusFurnitureandMattressWarehouse,punctuation
Metroland Media Group,metroland media group,typography
Allianz Life Insurance Company,AllianzLifeInsuranceCompany,punctuation
Electronic Arts,electronic arts,typography
Sabre,sabre,typography
ENERSYS,enersys,typography
KONE,kone,typography
Freeport-McMoRan,Freeport,partial
Ping An Insurance (Group) Company of China,Ping An Insurance (Group)  of China,legal_suffix
Serial System,serial system,typography
Melrose Industries,MELROSE INDUSTRIES,typography
Johnson & Johnson Services,JOHNSON & JOHNSON SERVICES,typography
Rio Tinto,RIO TINTO,typography
Alegion,alegion,typography
Hyundai Steel,hyundai steel,typography
FSNB,fsnb,typography
Wight Consulting,WIGHT CONSULTING,typography
Concordia Financial Group,CONCORDIA FINANCIAL GROUP,typography
RSF GROUP,rsf group,typography
Novartis,NOVARTIS,typography
Sumitomo Realty & Development,SumitomoRealtyDevelopment,punctuation
Indorama Ventures,Indorama,partial
Hoosier Hills Credit Union,hoosier hills credit union,typography
NOMURA HOLDINGS,NOMURA,partial
Uni-President,UNI-PRESIDENT,typography
BNP Paribas Mutual Fund,BNP Paribas Mutual,brand_parent
PVH Corp,pvh corp,typography
Brighthouse Financial,Brighthouse,partial
Hamilton Beach Brands,Hamilton Beach,brand_parent
FAST RETAILING,FASTRETAILING,punctuation
Wayfair,wayfair,typography
FEMSA,femsa,typography
Coca-Cola European Partners,coca-cola european partners,typography
Windstream Communications,Windstream,partial
China Taiping Insurance,China Taiping,brand_parent
Teachers Insurance and Annuity Association of America-College Retirement Equities Fund,TIaAAoACREF,abbreviation
Symmetry Financial Group,Symmetry,partial
Cargill,CARGILL,typography
KLA Corporation,KLA,legal_suffix
Glencore,glencore,typography
China Petrochemical Corporation,china petrochemical corporation,typography
PARKER HANNIFIN,PARKER,partial
Phoenix Group Holdings,Phoenix Group,brand_parent
Aptiv,aptiv,typography
Brookfield Asset Managemen,BrookfieldAssetManagemen,punctuation
Alibaba.com,alibaba.com,typography
Analog Devices,Analog,partial
LG Electronics,LG ELECTRONICS,typography
Lynch Consultants,lynch consultants,typography
RELX Group,relx group,typography
Alinma Bank,AlinmaBank,punctuation
Sodexo,sodexo,typography
Innovative Client Connections,Innovative Client,brand_parent
Compass Group,compass group,typography
Sumitomo Electric,Sumitomo,partial
Gemdale Properties andInvestment Corporation,GEMDALE PROPERTIES ANDINVESTMENT CORPORATION,typography
Credicorp,credicorp,typography
Booking Holdings,BOOKING HOLDINGS,typography
SENTEXT SOLUTIONS,sentext solutions,typography
Deloitte Touche Tohmatsu,DELOITTE TOUCHE TOHMATSU,typography
Mahindra & Mahindra,Mahindra,partial
Hindalco Industries,hindalco industries,typography
Keller Williams Realty,KellerWilliamsRealty,punctuation
Ferguson Enterprises,FergusonEnterprises,punctuation
EnBW Energie Baden-Württemberg,EnBW Energie Baden W,brand_parent
Daiwa Securities Group,DaiwaSecuritiesGroup,punctuation
American International Group,AMERICAN INTERNATIONAL GROUP,typography
NT Financial Services,NT Financial,brand_parent
GKN Sinter Metals Engineering,GKN SINTER METALS ENGINEERING,typography
Kaiser Foundation Health Plan,Kaiser Foundation Health,brand_parent
Pioneer Natural Resources,Pioneer Natural,brand_parent
TTEC,ttec,typography
Cigna Life Insurance New Zealand,CignaLifeInsuranceNewZealand,punctuation
Sumitomo Realty & Development,SUMITOMO REALTY & DEVELOPMENT,typography
ConocoPhillips Company,ConocoPhillips,legal_suffix
Hewlett Packard Enterprise,hewlett packard enterprise,typography
Boston Consulting Group,BostonConsultingGroup,punctuation
SIMON PROPERTY GROUP,SIMONPROPERTYGROUP,punctuation
Western Alliance Bancorporation,WesternAllianceBancorporation,punctuation
ONE Sotheby's International Realty,ONESotheby'sInternationalRealty,punctuation
Sempra Energy,SempraEnergy,punctuation
AlphaKOR Group,AlphaKOR,partial
AISIN SEIKI,AISINSEIKI,punctuation
TAISEI CORPORATION,taisei corporation,typography
Swatch Group,SWATCH GROUP,typography
ArchCare,archcare,typography
Haier Group,haier group,typography
Expeditors International,expeditors international,typography
CJ CHEILJEDANG CORP,CJ CHEILJEDANG,legal_suffix
Truist Financial,TRUIST FINANCIAL,typography
Punjab National Bank,PunjabNationalBank,punctuation
Norfolk Southern,NorfolkSouthern,punctuation
Bayer,BAYER,typography
Celanese Corporation,Celanese,legal_suffix
Husky Energy,HuskyEnergy,punctuation
The Siam Commercial Bank,the siam commercial bank,typography
TransDigm Group,transdigm group,typography
Galaxy Entertainment Group,GALAXY ENTERTAINMENT GROUP,typography
Atlantia,atlantia,typography
TD Bank,TD BANK,typography
IBM,ibm,typography
Tata Motors,TataMotors,punctuation
New World Development Company,NewWorldDevelopmentCompany,punctuation
HSBC Group,HSBC,partial
Falabella Retail,FalabellaRetail,punctuation
PTT Public Company Limited,ptt public company limited,typography
Industrial Alliance Insurance and Financial Services,industrial alliance insurance and financial services,typography
EarthSoft,earthsoft,typography
CBS Interactive,CBS,partial
Akbank,AKBANK,typography
Cisco Systems,cisco systems,typography
W.W. Grainger,WWG,abbreviation
Booz Allen Hamilton,Booz Allen,brand_parent
SIMON PROPERTY GROUP,SPG,abbreviation
Invesco,INVESCO,typography
Wynn Resorts,wynn resorts,typography
Truphone Limited,Truphone,partial
Capital One,CAPITAL ONE,typography
Baloise Group,BaloiseGroup,punctuation
Belk,belk,typography
THE BANK OF NEW YORK MELLON,the bank of new york mellon,typography
Punjab National Bank,PUNJAB NATIONAL BANK,typography
The Northwestern Mutual Life Insurance Company,TheNorthwesternMutualLifeInsuranceCompany,punctuation
GTJA Securities,GTJA SECURITIES,typography
Adventist Health and Rideout,AHaR,abbreviation
Citizens National Bank,citizens national bank,typography
Freddie Mac,freddie mac,typography
AGRICULTURAL BANK OF CHINA (ABC),AGRICULTURAL,partial
Jeronimo Martins,Jeronimo,partial
Yara,YARA,typography
KDDI,kddi,typography
CK Asset Holdings,CK ASSET HOLDINGS,typography
Hengrui Therapeutics,HENGRUI THERAPEUTICS,typography
Armor Lite Trailers,armor lite trailers,typography
New York Community Bank,NEW YORK COMMUNITY BANK,typography
Kobe Steel,kobe steel,typography
Prologis,PROLOGIS,typography
Stellar Development Foundation,stellar development foundation,typography
Principal Financial Services,Principal Financial,brand_parent
Associated British Foods,AssociatedBritishFoods,punctuation
Phonographic Performance Limited,PhonographicPerformanceLimited,punctuation
Shanghai Pharmaceutical Group,SHANGHAI PHARMACEUTICAL GROUP,typography
WH Group,WHGroup,punctuation
HSBC Group,hsbc,typography
Ford Motor Company,FORD MOTOR COMPANY,typography
Allianz Life Insurance Company,ALLIANZ LIFE INSURANCE COMPANY,typography
Huansheng Ecommerce,HuanshengEcommerce,punctuation
STMicroelectronics,STMICROELECTRONICS,typography
TAISEI CORPORATION,TAISEI,legal_suffix
Old Mutual,OLD MUTUAL,typography
Constellation Brands,CONSTELLATION BRANDS,typography
Grasim Industries,GrasimIndustries,punctuation
Reliance Industries,Reliance,partial
Amadeus IT Group,Amadeus IT,brand_parent
Cresittel BEAUTY,cresittel beauty,typography
Groupe ADP,groupe adp,typography
Anheuser-Busch InBev,Anheuser,partial
E*TRADE Financial Corporation,E*TRADE FINANCIAL CORPORATION,typography
Tokyo Electron,tokyo electron,typography
Woodforest National Bank,WoodforestNationalBank,punctuation
Grupo Bancolombia,grupo bancolombia,typography
Shin-Etsu Chemical,Shin Etsu,brand_parent
National Australia Bank Limited ABN,NATIONAL AUSTRALIA BANK LIMITED ABN,typography
Daiwa Securities Group,DAIWA SECURITIES GROUP,typography
Atlassian,atlassian,typography
KEYENCE CORPORATION,keyence corporation,typography
Vita Group,vita group,typography
Exxon Mobil Corporation,ExxonMobilCorporation,punctuation
Sompo International,sompo international,typography
Shell,shell,typography
CLP Holdings,CLPHoldings,punctuation
CarGurus,cargurus,typography
RGA Reinsurance,rga reinsurance,typography
Schaeffler,schaeffler,typography
Michelin,MICHELIN,typography
AerCap,aercap,typography
Charter Communications,charter communications,typography
Vale,VALE,typography
Haier Group,HAIER GROUP,typography
Purolator,purolator,typography
Inter-American Development Bank,Inter-AmericanDevelopmentBank,punctuation
The Coca-Cola Company,the coca-cola company,typography
Indorama Ventures,IndoramaVentures,punctuation
AICHI STEEL,AICHISTEEL,punctuation
IndusInd Bank,IndusInd,partial
Pioneer Natural Resources,PioneerNaturalResources,punctuation
Emirates NBD Bank,Emirates,partial
Power Grid Corporation of India,POWER GRID CORPORATION OF INDIA,typography
CarMax Business Services,CARMAX BUSINESS SERVICES,typography
Mulligan Software,MulliganSoftware,punctuation
Transneft,transneft,typography
Groupe ADP,GROUPE ADP,typography
D.R. Horton,DRHorton,punctuation
Annaly Capital Management,AnnalyCapitalManagement,punctuation
M&T Bank,M&T BANK,typography
Westlake Chemical Corporation,WestlakeChemicalCorporation,punctuation
T&D Holdings,t&d holdings,typography
Terumo Corporation,terumo corporation,typography
Innovative Client Connections,innovative client connections,typography
M&T Bank,m&t bank,typography
China Telecom Corporation,ChinaTelecomCorporation,punctuation
University of Missouri,UoM,abbreviation
Secure Store,SecureStore,punctuation
United Parcel Service of America,UnitedParcelServiceofAmerica,punctuation
Bridgestone Americas,BRIDGESTONE AMERICAS,typography
Celanese Corporation,celanese corporation,typography
Shimao Property Holdings,ShimaoPropertyHoldings,punctuation
Anheuser-Busch InBev,Anheuser-BuschInBev,punctuation
Huansheng Ecommerce,huansheng ecommerce,typography
ActuatedMedical,actuatedmedical,typography
The Move Crew,TheMoveCrew,punctuation
J.F. Shea,j.f. shea,typography
Kaiser Foundation Health Plan,KAISER FOUNDATION HEALTH PLAN,typography
NRG Energy,NRGEnergy,punctuation
Marsh & McLennan,MarshMcLennan,punctuation
Emirates NBD Bank,ENB,abbreviation
Home Depot Product Authority,HomeDepotProductAuthority,punctuation
ADS Alliance Data Systems,ADS ALLIANCE DATA SYSTEMS,typography
Suncorp Group,Suncorp,partial
Evonik Industries,EvonikIndustries,punctuation
PTT Global Chemical,PTT Global,brand_parent
Fifth Third Bank,FIFTH THIRD BANK,typography
Alinma Bank,Alinma,partial
EFU Life Assurance,EFU,partial
Lendmark Financial Services,Lendmark Financial,brand_parent
Hyundai Steel,HyundaiSteel,punctuation
Shearer's Foods,SHEARER'S FOODS,typography
Comcast,COMCAST,typography
Sempra Energy,Sempra,partial
CREDIT SUISSE GROUP,credit suisse group,typography
Sealed Air,sealed air,typography
Laboratory Corporation of America Holdings,LaboratoryCorporationofAmericaHoldings,punctuation
UNIBAIL-RODAMCO-WESTFIELD,URW,abbreviation
Sumitomo Heavy Industries,SUMITOMO HEAVY INDUSTRIES,typography
Qualcomm Technologies,Qualcomm,partial
BOE Technology Group,BOE TECHNOLOGY GROUP,typography
Aeon Media Group,Aeon Media,brand_parent
KEPCO THE KANSAI ELECTRIC POWER,KEPCOTHEKANSAIELECTRICPOWER,punctuation
North Star Windows & Doors,North Star Windows,brand_parent
ELLWOOD National Forge,ELLWOOD NATIONAL FORGE,typography
Samsung SDS,SS,abbreviation
Advanced Bank of Asia,ADVANCED BANK OF ASIA,typography
Century Bank,CENTURY BANK,typography
Expeditors International,Expeditors,partial
NXP Semiconductors,NXPSemiconductors,punctuation
Scotiabank,scotiabank,typography
Turkish Airlines,TURKISH AIRLINES,typography
China Gas Holdings,ChinaGasHoldings,punctuation
Emirates NBD Bank,Emirates NBD,brand_parent
Westpac Banking,WESTPAC BANKING,typography
Fleetwood Metal Industries,FleetwoodMetalIndustries,punctuation
Empereon-Constar,empereon-constar,typography
Bank of Melbourne,bank of melbourne,typography
Invision Technologies,InvisionTechnologies,punctuation
Diamondback Energy,diamondback energy,typography
Mars,mars,typography
FUJIFILM Holdings,fujifilm holdings,typography
THE BANK OF NEW YORK MELLON,BNYM,abbreviation
Keurig Green Mountain,keurig green mountain,typography
Capio,CAPIO,typography
UBI Banca,UBI BANCA,typography
TUI Group,TUI GROUP,typography
NICE inContact,nice incontact,typography
Siemens,SIEMENS,typography
Vestas,VESTAS,typography
Morgan Stanley,MORGAN STANLEY,typography
Principal Financial Services,PFS,abbreviation
Flint Community Bank,Flint Community,brand_parent
Tealium,tealium,typography
IQVIA,iqvia,typography
Nutrafarms,NUTRAFARMS,typography
Bank of Ningbo,BankofNingbo,punctuation
Anthem Insurance Companies,AnthemInsuranceCompanies,punctuation
Tata Steel,TS,abbreviation
Citizens National Bank,CITIZENS NATIONAL BANK,typography
Pioneer Natural Resources,Pioneer,partial
British American Tobacco,British American,brand_parent
Marsh & McLennan,Marsh,partial
Al Rajhi Bank,al rajhi bank,typography
China Huarong Asset Management,ChinaHuarongAssetManagement,punctuation
Tokyo Century Corporation,tokyo century corporation,typography
Ping An Insurance (Group) Company of China,Ping An,partial
HUB International,HUB,partial
Huaneng Power International,Huaneng,partial
Schindler,SCHINDLER,typography
SEGA Europe,SEGA EUROPE,typography
ATC IP,ATC,partial
VTB,vtb,typography
Thales Group,ThalesGroup,punctuation
Continental Resources,continental resources,typography
NetApp,NETAPP,typography
SAIC Motor,saic motor,typography
Etisalat,ETISALAT,typography
Emterra Group,Emterra,partial
Berry Global,BerryGlobal,punctuation
FANUC,fanuc,typography
Sony,sony,typography
Merck & Co.,merck & co.,typography
Equinix,EQUINIX,typography
Brookfield Asset Managemen,BAM,abbreviation
Al Rajhi Bank,ARB,abbreviation
W. R. Berkley Corporation,W. R. Berkley,legal_suffix
AGL Energy,AGL,partial
ADVANCED INFO SERVICE,advanced info service,typography
Suncrest Bank,Suncrest,partial
Vonovia,vonovia,typography
MOL GROUP,MOLGROUP,punctuation
Ulta Beauty,ulta beauty,typography
Leggett & Platt,LEGGETT & PLATT,typography
wasp It labs,wasp it labs,typography
AEGON Life Insurance,AEGON Life,brand_parent
Fairfax Financial Holdings,FairfaxFinancialHoldings,punctuation
PUBLICIS GROUPE,PUBLICIS,partial
Essity Aktiebolag,Essity,partial
Lear Corporation,Lear,legal_suffix
SFS,sfs,typography
State Street,state street,typography
SEKISUI HOUSE,SEKISUI,partial
Galp,GALP,typography
PEGATRON Corporation,PEGATRONCorporation,punctuation
Leidos,LEIDOS,typography
Dufresne Furniture & Appliances,DFA,abbreviation
PUBLICIS GROUPE,PUBLICISGROUPE,punctuation
INSURANCE AUSTRALIA GROUP,INSURANCE,partial
GTJA Securities,GTJA,partial
Bank of Nanjing,BankofNanjing,punctuation
Northern Trust,NorthernTrust,punctuation
NT Financial Services,NT,partial
Bank of America,BANK OF AMERICA,typography
Swire Pacific,Swire,partial
Hesteel Group Tangsteel,HESTEEL GROUP TANGSTEEL,typography
Alibaba.com,ALIBABA.COM,typography
Investors Bank,INVESTORS BANK,typography
Quest Diagnostics,quest diagnostics,typography
OBAYASHI CORPORATION,OBAYASHICORPORATION,punctuation
Guaranty Bank & Trust,Guaranty Bank,brand_parent
Comerica Bank,Comerica,partial
Qurate Retail,QurateRetail,punctuation
Allcorp,ALLCORP,typography
Phillips 66,Phillips66,punctuation
KwaZulu-Natal Department of Health,KwaZulu-NatalDepartmentofHealth,punctuation
CMS Energy,CMSEnergy,punctuation
Cambodian National Insurance,CAMBODIAN NATIONAL INSURANCE,typography
Hong Kong Exchanges and Clearing,HONG KONG EXCHANGES AND CLEARING,typography
U Pack,UPack,punctuation
Bouygues,BOUYGUES,typography
NewAgeSys Solutions,NEWAGESYS SOLUTIONS,typography
Gecina,GECINA,typography
Sharp Corporation,sharp corporation,typography
Stanley Black & Decker,Stanley Black,brand_parent
Malayan Banking Berhad,malayan banking berhad,typography
H&M Hennes & Mauritz,HMHM,abbreviation
Malayan Banking Berhad,MalayanBankingBerhad,punctuation
Aluminum Corp,aluminum corp,typography
Krug,KRUG,typography
China Merchants Shekou Industrial Zone,China Merchants Shekou Industrial,brand_parent
J.M. Smucker,JMS,abbreviation
Linamar,LINAMAR,typography
Taiwan Semiconductor,TaiwanSemiconductor,punctuation
Southeastern Grocers,SoutheasternGrocers,punctuation
TransDigm Group,TransDigm,partial
American International Group,american international group,typography
Marriott International,Marriott,partial
Walgreens,walgreens,typography
TOYOTA INDUSTRIES,TOYOTAINDUSTRIES,punctuation
Sumitomo Mitsui Banking,Sumitomo Mitsui,brand_parent
Home Depot Product Authority,Home Depot Product,brand_parent
InterContinental Hotels Group,InterContinentalHotelsGroup,punctuation
Pembina Pipeline Corporation,PembinaPipelineCorporation,punctuation
Delta Regional Medical Center,delta regional medical center,typography
ONEOK,oneok,typography
MetLife Services and Solutions,MetLife Services and,brand_parent
The Siam Commercial Bank Public Company,the siam commercial bank public company,typography
DP World,DP,partial
Oriental Land,Oriental,partial
Tencent,TENCENT,typography
ConocoPhillips Company,conocophillips company,typography
AerCap,AERCAP,typography
London Stock Exchange,London Stock,brand_parent
TE Connectivity,te connectivity,typography
LogistiCare Solutions,LOGISTICARE SOLUTIONS,typography
Concordia Financial Group,Concordia Financial,brand_parent
Ulta Beauty,UltaBeauty,punctuation
CedarCrestWood.com,CedarCrestWoodcom,punctuation
Atos,atos,typography
Vita Group,Vita,partial
Edison International,edison international,typography
KPMG International,kpmg international,typography
Leggett & Platt,LeggettPlatt,punctuation
The Ritz-Carlton Hotel Company,THE RITZ-CARLTON HOTEL COMPANY,typography
Swatch Group,swatch group,typography
JULIUS BAER,JULIUS,partial
meituandianping,MEITUANDIANPING,typography
Quanta Computer,quanta computer,typography
Cigna Life Insurance New Zealand,CLINZ,abbreviation
Broadview Networks,broadview networks,typography
Yum! Brands,Yum!Brands,punctuation
WOORI FINANCIAL GROUP,WOORI FINANCIAL,brand_parent
SHANGHAI INTERNATIONAL GROUP,SHANGHAIINTERNATIONALGROUP,punctuation
Wilson N. Jones Regional Medical Center,WilsonNJonesRegionalMedicalCenter,punctuation
Zijin Mining Group,ZijinMiningGroup,punctuation
Stora Enso,Stora,partial
Royal Caribbean International,RoyalCaribbeanInternational,punctuation
Airports of Thailand,AirportsofThailand,punctuation
TENAGA NASIONAL,TENAGA,partial
KYUSHU ELECTRIC POWER,KYUSHUELECTRICPOWER,punctuation
Ally Financial,AllyFinancial,punctuation
Electronic Arts,Electronic,partial
China Everbright Bank,China Everbright,brand_parent
Power Grid Corporation of India,PowerGridCorporationofIndia,punctuation
Henderson Land Development,Henderson Land,brand_parent
Lincare Holdings,LincareHoldings,punctuation
3i Group,3iGroup,punctuation
Northwell Health,NORTHWELL HEALTH,typography
Suning Tesco Group,Suning Tesco,brand_parent
Regions Bank,Regions,partial
Dana,DANA,typography
Methodist Hospitals,MethodistHospitals,punctuation
Air Products & Chemicals,air products & chemicals,typography
Tokyo Electric Power Company,tokyo electric power company,typography
GENTEX CORPORATION,gentex corporation,typography
AIA Group,AIA,partial
NBCUniversal Media,NBCUniversal,partial
Atlas Copco,Atlas,partial
NEWS AMERICA MARKETING,NEWSAMERICAMARKETING,punctuation
Cintas Corporation,Cintas,legal_suffix
Surplus Furniture and Mattress Warehouse,Surplus Furniture and Mattress,brand_parent
Teva Pharmaceutical Industries,TPI,abbreviation
Walgreens Boots Alliance,WBA,abbreviation
AEGON Life Insurance,AEGON,partial
Sanlam Life Insurance,Sanlam,partial
Ultra-Grip International,Ultra Grip,brand_parent
CLP Holdings,clp holdings,typography
Tokyo Electric Power Company,Tokyo Electric Power,legal_suffix
Boston Consulting Group,Boston Consulting,brand_parent
Kellogg,KELLOGG,typography
Early Warning Services,EARLY WARNING SERVICES,typography
Suning Tesco Group,STG,abbreviation
Gallagher,GALLAGHER,typography
